"Search","References in Workspace","⇧⌘G","In Windows","org.eclipse.jdt.ui.edit.text.java.search.references.in.workspace"
"Source","Quick Assist - Extract method","⌘2 M","Editing Java Source","org.eclipse.jdt.ui.correction.extractMethodInplace.assist"
"Git","Collapse Working Tree","⌘←","In Git Repositories View","org.eclipse.egit.ui.RepositoriesViewCollapseWorkingTree"
"Window","Toggle Split Editor (Horizontal)","⇧⌘-","In Windows","org.eclipse.ui.window.splitEditor"
"Spring Generic Text Editor","Toggle Comment","⌘/","Editing Text","org.springframework.tooling.boot.ls.ToggleComment"
"Run/Debug","Add Memory Block","⌥⌘M","In Memory View","org.eclipse.debug.ui.commands.addMemoryMonitor"
"Terminal view commands","Maximize Active View or Editor","⌥↑","Terminal Control in Focus","org.eclipse.tm.terminal.maximize"
"Text Editing","Select Text End","⇧⌘↘","Editing Text","org.eclipse.ui.edit.text.select.textEnd"
"Run/Debug","Step Return","F7","Debugging","org.eclipse.debug.ui.commands.StepReturn"
"Edit","Toggle Word Wrap","⌥⌘Y","Editing Text","org.eclipse.ui.edit.text.toggleWordWrap"
"File","New menu","⌥⌘N","In Windows","org.eclipse.ui.file.newQuickMenu"
"Source","Toggle Comment","⌘/","Editing Java Source","org.eclipse.jdt.ui.edit.text.java.toggle.comment"
"Source","Toggle Comment","⇧⌘C","Editing Properties Files","org.eclipse.jdt.ui.edit.text.java.toggle.comment"
"Navigate","Open Type in Hierarchy","⇧⌘H","In Windows","org.eclipse.jdt.ui.navigate.open.type.in.hierarchy"
"Run/Debug","Coverage","⌃⇧F11","In Windows","org.eclipse.eclemma.ui.commands.CoverageLast"
"Navigate","Goto Matching Bracket","⇧⌘P","Editing JET Source","org.eclipse.emf.codegen.ui.jet.goto.matching.bracket"
"Views","Show View (Search)","⌥⌘Q S","In Windows","org.eclipse.ui.views.showView"
"Window","(Re)debug","⌥⇧⌘B D","In Windows","org.springframework.ide.eclipse.boot.dash.boot.dash.RedebugAction"
"Run/Debug","Execute","⌘U","In Windows","org.eclipse.jdt.debug.ui.commands.Execute"
"Source","Indent Line","⌘I","Editing JavaScript Source","org.eclipse.wst.jsdt.ui.edit.text.java.indent"
"Run/Debug","Debug Java Applet","⌃⌥⌘D A","In Windows","org.eclipse.jdt.debug.ui.javaAppletShortcut.debug"
"Navigate","Show In Breadcrumb","⌥⌘B","Editor Breadcrumb Navigation","org.eclipse.jdt.ui.edit.text.java.gotoBreadcrumb"
"Text Editing","Select Line End","⇧⌘→","Editing Text","org.eclipse.ui.edit.text.select.lineEnd"
"Spy","Layout Spy","⌥⇧⌘F9","In Dialogs and Windows","org.eclipse.tools.layout.spy.commands.layoutSpyCommand"
"Source","Toggle Comment","⌘7","Editing Properties Files","org.eclipse.jdt.ui.edit.text.java.toggle.comment"
"Source","Toggle Comment","⌘7","Editing JavaScript Source","org.eclipse.wst.jsdt.ui.edit.text.java.toggle.comment"
"Text Editing","Line Start","↖","Editing Text","org.eclipse.ui.edit.text.goto.lineStart"
"Text Editing","Text End","⌘↘","Editing Text","org.eclipse.ui.edit.text.goto.textEnd"
"Window","Next View","⌘F7","In Windows","org.eclipse.ui.window.nextView"
"Run/Debug","Run Spring Boot App","⌥⇧X B","In Windows","org.springsource.ide.eclipse.boot.BootLaunchShortcut.run"
"Views","Show View (Console)","⌥⌘Q C","In Windows","org.eclipse.ui.views.showView"
"Navigate","Quick Outline","⌘O","PDE editor","org.eclipse.pde.ui.quickOutline"
"Edit","Quick Fix","⌘1","In Dialogs and Windows","org.eclipse.jdt.ui.edit.text.java.correction.assist.proposals"
"Run/Debug","Run XSLT Transformation","⌥⌘X X","In Windows","org.eclipse.wst.xsl.debug.ui.launchshortcut.run"
"Terminal view commands","Terminal view insert","⌥P","Terminal Typing Connected","org.eclipse.tm.terminal.command1"
"Edit","Select Enclosing Element","⌥⇧↑","Editing in Structured Text Editors","org.eclipse.wst.sse.ui.structure.select.enclosing"
"Edit","Select Next Element","⌥⇧→","Editing JET Source","org.eclipse.jdt.ui.edit.text.java.select.next"
"Navigate","Go to Matching Bracket","⇧⌘P","Editing JavaScript Source","org.eclipse.wst.jsdt.ui.edit.text.java.goto.matching.bracket"
"File","Print","⌘P","In Windows","org.eclipse.ui.file.print"
"Navigate","Previous Sub-Tab","⌥⇞","In Dialogs and Windows","org.eclipse.ui.navigate.previousSubTab"
"Window","Switch to Editor","⇧⌘E","In Windows","org.eclipse.ui.window.switchToEditor"
"Navigate","Matching Character","⇧⌘P","Editing in Structured Text Editors","org.eclipse.wst.sse.ui.goto.matching.bracket"
"Navigate","Previous","⇧⌘.","In Windows","org.eclipse.ui.navigate.previous"
"Window","Previous View","⇧⌘F7","In Windows","org.eclipse.ui.window.previousView"
"Navigate","Backward History","⌘[","In Windows","org.eclipse.ui.navigate.backwardHistory"
"Edit","Remove Block Comment","⇧⌘\","Editing in Structured Text Editors","org.eclipse.wst.sse.ui.remove.block.comment"
"Text Editing","Move Lines Down","⌥↓","Editing Text","org.eclipse.ui.edit.text.moveLineDown"
"Edit","Context Information","⌃⇧Space","In Dialogs and Windows","org.eclipse.ui.edit.text.contentAssist.contextInformation"
"Edit","Find Next","⌘K","In Windows","org.eclipse.ui.edit.findNext"
"Text Editing","Show Tooltip Description","F2","Editing Text","org.eclipse.ui.edit.text.showInformation"
"Run/Debug","Run Maven Build","⌥⇧X M","In Windows","org.eclipse.m2e.core.pomFileAction.run"
"Window","(Re)start","⌥⇧⌘B R","In Windows","org.springframework.ide.eclipse.boot.dash.boot.dash.RestartAction"
"Run/Debug","Debug Ant Build","⌃⌥⌘D Q","In Windows","org.eclipse.ant.ui.antShortcut.debug"
"Spy","Plug-in Menu Spy","⌥⇧F2","In Dialogs and Windows","org.eclipse.pde.runtime.spy.commands.menuSpyCommand"
"Navigate","Open from Clipboard","⇧⌘V","In Windows","org.eclipse.jdt.debug.ui.command.OpenFromClipboard"
"Text Editing","Line End","↘","Editing Text","org.eclipse.ui.edit.text.goto.lineEnd"
"Navigate","Previous Page","⇧⌘F5","In Faces Config Editor","org.eclipse.ui.part.previousPage"
"Run/Debug","Run Java Applet","⌥⌘X A","In Windows","org.eclipse.jdt.debug.ui.javaAppletShortcut.run"
"Database Tools","Edit in SQL Query Builder...","⌥Q","Editing SQL","org.eclipse.datatools.sqltools.sqleditor.DMLDialogSelectionAction"
"Navigate","Backward History","⌥⌘←","In Windows","org.eclipse.ui.navigate.backwardHistory"
"Database Tools","Run","⌥⌘R","Editing SQL","org.eclipse.datatools.sqltools.sqleditor.runAction"
"Search","Declaration in Workspace","⌘G","JavaScript View","org.eclipse.wst.jsdt.ui.edit.text.java.search.declarations.in.workspace"
"Text Editing","Next Word","⌥→","Editing Text","org.eclipse.ui.edit.text.goto.wordNext"
"Edit","Select Next Element","⌃⇧→","Editing in Structured Text Editors","org.eclipse.wst.sse.ui.structure.select.next"
"Navigate","Show In...","⌥⌘W","In Windows","org.eclipse.ui.navigate.showInQuickMenu"
"Edit","Matching Tag","⌃⇧.","Editing in Structured Text Editors","org.eclipse.wst.xml.ui.gotoMatchingTag"
"Source","Format","⇧⌘F","Editing Java Source","org.eclipse.jdt.ui.edit.text.java.format"
"Views","Show View (Package Explorer)","⌥⌘Q P","In Windows","org.eclipse.ui.views.showView"
"Web Page Editor Layout","Source Code","⇧⌘F12","Using Web Page Editor","org.eclipse.jst.pagedesigner.source"
"Search","Open Search Dialog","⌃H","In Windows","org.eclipse.search.ui.openSearchDialog"
"Run/Debug","Coverage TestNG Test","⌥⇧E N","In Windows","org.eclipse.eclemma.ui.testNgShortcut.coverage"
"Text Editing","Delete Line","⌘D","Editing Text","org.eclipse.ui.edit.text.delete.line"
"SQL Results View","Remove Result","⌘⌦","In Windows","org.eclipse.datatools.sqltools.result.removeInstance"
"Web Page Editor Layout","Vertical Layout","⇧⌘F9","Using Web Page Editor","org.eclipse.jst.pagedesigner.vertical"
"Text Editing","Zoom In","⌘=","Editing Text","org.eclipse.ui.edit.text.zoomIn"
"Navigate","Quick Outline","⌘O","Editing JavaScript Source","org.eclipse.wst.jsdt.ui.edit.text.java.show.outline"
"Window","Open Config","⌥⇧⌘B F","In Windows","org.springframework.ide.eclipse.boot.dash.boot.dash.OpenLaunchConfigAction"
"Edit","Restore Last Selection","⌥⇧↓","Editing in Structured Text Editors","org.eclipse.wst.sse.ui.structure.select.last"
"Views","Show View (Problems)","⌥⌘Q X","In Windows","org.eclipse.ui.views.showView"
"Views","Show View (Synchronize)","⌥⌘Q Y","In Windows","org.eclipse.ui.views.showView"
"Navigate","Forward History","⌥⌘→","In Windows","org.eclipse.ui.navigate.forwardHistory"
"Window","Activate Editor","⌘F12","In Windows","org.eclipse.ui.window.activateEditor"
"Source","Toggle Mark Occurrences","⌥⌘O","Editing JavaScript Source","org.eclipse.wst.jsdt.ui.edit.text.java.toggleMarkOccurrences"
"Edit","Paste","⌘V","In Dialogs and Windows","org.eclipse.ui.edit.paste"
"Run/Debug","New Rendering","⌘N","In Memory View","org.eclipse.debug.ui.commands.newRendering"
"Refactor - Java","Move - Refactoring ","⌥⌘V","In Windows","org.eclipse.jdt.ui.edit.text.java.move.element"
"Terminal view commands","Terminal view insert","⌥T","Terminal Typing Connected","org.eclipse.tm.terminal.command1"
"Terminal view commands","Terminal view insert","⌥W","Terminal Typing Connected","org.eclipse.tm.terminal.command1"
"Git","Quick Outline","⌘O","In Diff Viewer","org.eclipse.egit.ui.commit.DiffEditorQuickOutlineCommand"
"Server","Stop","⌥⌘S","In Servers View","org.eclipse.wst.server.stop"
"Terminal view commands","Terminal view insert","⌥H","Terminal Typing Connected","org.eclipse.tm.terminal.command1"
"TM4E Language Configuration","Add Block Comment","⇧⌘/","Editing Text","org.eclipse.tm4e.languageconfiguration.addBlockCommentCommand"
"Source","Surround With Quick Menu","⌥⌘Z","In Windows","org.eclipse.jdt.ui.edit.text.java.surround.with.quickMenu"
"STS4","Goto Symbol","⌘6","In Dialogs and Windows","org.springframework.tooling.ls.eclipse.gotosymbol.command"
"Source","Organize Imports","⇧⌘O","In Windows","org.eclipse.jdt.ui.edit.text.java.organize.imports"
"Run/Debug","Coverage Java Application","⌥⇧E J","In Windows","org.eclipse.eclemma.ui.localJavaShortcut.coverage"
"Navigate","Next Tab","⌃⇟","In Dialogs and Windows","org.eclipse.ui.navigate.nextTab"
"Window","Maximize Active View or Editor","⌃M","In Windows","org.eclipse.ui.window.maximizePart"
"Text Editing","Toggle Folding","⌘Numpad_Divide","Editing Text","org.eclipse.ui.edit.text.folding.toggle"
"Run/Debug","Run Gradle Test","⌥⌘X G","In Windows","org.eclipse.buildship.ui.shortcut.test.run"
"Edit","Incremental Find Reverse","⇧⌘J","Editing Text","org.eclipse.ui.edit.findIncrementalReverse"
"Window","Find Actions","⌘3","In Windows","org.eclipse.ui.window.quickAccess"
"Terminal view commands","Copy","⇧⌘C","Terminal Control in Focus","org.eclipse.tm.terminal.copy"
"Terminal view commands","Terminal view insert","⌥E","Terminal Typing Connected","org.eclipse.tm.terminal.command1"
"Terminal view commands","Copy","⌘Insert","Terminal Control in Focus","org.eclipse.tm.terminal.copy"
"Navigate","Expand All","⇧⌘Numpad_Multiply","In Windows","org.eclipse.ui.navigate.expandAll"
"Text Editing","Zoom In","⌘+","Editing Text","org.eclipse.ui.edit.text.zoomIn"
"Edit","Undo","⌘Z","In Dialogs and Windows","org.eclipse.ui.edit.undo"
"Run/Debug","Run","⇧⌘F11","In Windows","org.eclipse.debug.ui.commands.RunLast"
"Refactor - Java","Show Refactor Quick Menu","⌥⌘T","In Windows","org.eclipse.jdt.ui.edit.text.java.refactor.quickMenu"
"Text Editing","Scroll Line Down","⌘↓","Editing Text","org.eclipse.ui.edit.text.scroll.lineDown"
"Edit","Rename","⌥⇧R","Editing JSP Source","org.eclipse.jst.jsp.ui.refactor.rename"
"Project","Build All","⌘B","In Windows","org.eclipse.ui.project.buildAll"
"Run/Debug","Use Step Filters","⇧F5","In Windows","org.eclipse.debug.ui.commands.ToggleStepFilters"
"Run/Debug","Previous Page of Memory","⇧⌘,","In Table Memory Rendering","org.eclipse.debug.ui.command.prevpage"
"Run/Debug","Coverage JUnit Test","⌥⇧E T","In Windows","org.eclipse.eclemma.ui.junitShortcut.coverage"
"JET Refactor Actions","Rename","⌥⇧R","Editing JET Source","org.eclipse.codegen.ui.jet.rename"
"Edit","Select Enclosing Element","⌥⇧↑","Editing JET Source","org.eclipse.jdt.ui.edit.text.java.select.enclosing"
"Refactor - Java","Inline","⌥⌘I","In Windows","org.eclipse.jdt.ui.edit.text.java.inline"
"Edit","Cut","⌘X","In Dialogs and Windows","org.eclipse.ui.edit.cut"
"Edit","Add Block Comment","⇧⌘/","Editing in Structured Text Editors","org.eclipse.wst.sse.ui.add.block.comment"
"Run/Debug","Coverage SWTBot Test","⌥⇧E S","In Windows","org.eclipse.eclemma.ui.swtBotJunitShortcut.coverage"
"Edit","Restore Last Selection","⌥⇧↓","Editing JET Source","org.eclipse.jdt.ui.edit.text.java.select.last"
"ANSI Support Commands","Copy Text Without ANSI Escapes","⌘Insert","In Console View","AnsiConsole.command.copy_without_escapes"
"Source","Add JSDoc Comment","⌥⌘J","JavaScript View","org.eclipse.wst.jsdt.ui.edit.text.java.add.javadoc.comment"
"Edit","Format Active Elements","⌘I","Editing in Structured Text Editors","org.eclipse.wst.sse.ui.format.active.elements"
"Terminal Commands","Open Local Terminal on Selection","⌃⌥⇧T","In Windows","org.eclipse.tm.terminal.view.ui.command.launchToolbar"
"Text Editing","Collapse All","⇧⌘Numpad_Divide","Editing Text","org.eclipse.ui.edit.text.folding.collapse_all"
"Text Editing","Expand All","⌘Numpad_Multiply","Editing Text","org.eclipse.ui.edit.text.folding.expand_all"
"Text Editing","To Lower Case","⇧⌘Y","Editing Text","org.eclipse.ui.edit.text.lowerCase"
"Views","Show View (Type Hierarchy)","⌥⌘Q T","In Windows","org.eclipse.ui.views.showView"
"Navigate","Go to Next Member","⌃⌥↓","Editing JavaScript Source","org.eclipse.wst.jsdt.ui.edit.text.java.goto.next.member"
"SQL Results View","Remove All Visible Results","⇧⌦","In Windows","org.eclipse.datatools.sqltools.result.removeAllInstances"
"Terminal view commands","Copy","⌘C","Terminal Control in Focus","org.eclipse.tm.terminal.copy"
"Navigate","Open Call Hierarchy","⌃⌥H","JavaScript View","org.eclipse.wst.jsdt.ui.edit.text.java.open.call.hierarchy"
"Run/Debug","Step Into","F5","Debugging","org.eclipse.debug.ui.commands.StepInto"
"Navigate","Quick Outline","⌘O","Editing in Structured Text Editors","org.eclipse.wst.sse.ui.quick_outline"
"Run/Debug","Debug OSGi Framework","⌃⌥⌘D O","In Windows","org.eclipse.pde.ui.EquinoxLaunchShortcut.debug"
"Run/Debug","All Instances","⇧⌘N","In Windows","org.eclipse.jdt.debug.ui.commands.AllInstances"
"Edit","Add Maven Plugin","⌃⇧P","Editing XML Source","org.eclipse.m2e.core.ui.command.addPlugin"
"Edit","Occurrences in File","⇧⌘A","Editing in Structured Text Editors","org.eclipse.wst.sse.ui.search.find.occurrences"
"Unavailable Category","Undefined Command","⌃⇧T","Auto::com.genuitec.eclipse.code.codeMixEditorScope","com.genuitec.eclipse.code.openTypes"
"Text Editing","To Upper Case","⇧⌘X","Editing Text","org.eclipse.ui.edit.text.upperCase"
"Source","Remove Block Comment","⇧⌘\","Editing JavaScript Source","org.eclipse.wst.jsdt.ui.edit.text.java.remove.block.comment"
"Search","Find Text in Workspace","⌥⌘G","In Windows","org.eclipse.search.ui.performTextSearchWorkspace"
"Source","Add Javadoc Comment","⌥⌘J","In Windows","org.eclipse.jdt.ui.edit.text.java.add.javadoc.comment"
"Source","Quick Assist - Assign to variable in new try-with-resources block","⌘2 T","Editing Java Source","org.eclipse.jdt.ui.correction.assignInTryWithResources.assist"
"Run/Debug","Go to Address","⌘G","In Table Memory Rendering","org.eclipse.debug.ui.command.gotoaddress"
"Run/Debug","Next Memory Monitor","⌥⌘N","In Memory View","org.eclipse.debug.ui.commands.nextMemoryBlock"
"Source","Correct Indentation","⌘I","Editing Java Source","org.eclipse.jdt.ui.edit.text.java.indent"
"Source","Add Block Comment","⌃⌘/","Editing Java Source","org.eclipse.jdt.ui.edit.text.java.add.block.comment"
"Refactor - Java","Rename - Refactoring ","⌥⇧R","In Windows","org.eclipse.jdt.ui.edit.text.java.rename.element"
"Edit","Select Enclosing JET Element","⌥⇧⇞","Editing JET Source","org.eclipse.emf.codegen.ui.jet.select.enclosing"
"Run/Debug","Coverage Eclipse Application","⌥⇧E E","In Windows","org.eclipse.eclemma.ui.workbenchShortcut.coverage"
"Navigate","Previous Page","⇧⌘F5","Using Web Page Editor","org.eclipse.ui.part.previousPage"
"Edit","Find and Replace","⌘F","In Windows","org.eclipse.ui.edit.findReplace"
"Terminal view commands","Terminal view insert","⌥G","Terminal Typing Connected","org.eclipse.tm.terminal.command1"
"Database Tools","Execute Current Text","⌥S","Editing SQL","org.eclipse.datatools.sqltools.sqleditor.ExecuteCurrentAction"
"Navigate","Show In Breadcrumb","⌥⌘B","Editing Java Source","org.eclipse.jdt.ui.edit.text.java.gotoBreadcrumb"
"Text Editing","Insert Line Above Current Line","⇧⌘↩","Editing Text","org.eclipse.ui.edit.text.smartEnterInverse"
"Edit","Incremental Find","⌘J","Editing Text","org.eclipse.ui.edit.findIncremental"
"Navigate","Next","⌘.","In Windows","org.eclipse.ui.navigate.next"
"Window","Show Contributing Plug-in","⌥⇧F3","In Dialogs and Windows","org.eclipse.ui.window.spy"
"Run/Debug","Inspect","⇧⌘I","In Dialogs and Windows","org.eclipse.jdt.debug.ui.commands.Inspect"
"Edit","Delete","⌦","In Windows","org.eclipse.ui.edit.delete"
"Run/Debug","Terminate","⌘F2","Debugging","org.eclipse.debug.ui.commands.Terminate"
"Navigate","Quick Outline","⌘O","WikiText Markup Source Context","org.eclipse.mylyn.wikitext.ui.quickOutlineCommand"
"Navigate","Open Structure","⌘F3","Editing JavaScript Source","org.eclipse.wst.jsdt.ui.navigate.java.open.structure"
"Edit","Add Maven Dependency","⌃⇧D","Editing XML Source","org.eclipse.m2e.core.ui.command.addDependency"
"File","Save","⌘S","In Windows","org.eclipse.ui.file.save"
"Navigate","Next Page","⌥F7","In Windows","org.eclipse.ui.part.nextPage"
"Run/Debug","Debug JUnit Test","⌃⌥⌘D T","In Windows","org.eclipse.jdt.junit.junitShortcut.debug"
"Window","Next Perspective","⌘F8","In Windows","org.eclipse.ui.window.nextPerspective"
"Window","Stop","⌥⇧⌘B S","In Windows","org.springframework.ide.eclipse.boot.dash.boot.dash.StopAction"
"Run/Debug","Run to Line","⌘R","Debugging","org.eclipse.debug.ui.commands.RunToLine"
"Run/Debug","Debug XSLT Transformation","⌥⌘D X","In Windows","org.eclipse.wst.xsl.debug.ui.launchshortcut.debug"
"Window","Quick Switch Editor","⌘E","In Windows","org.eclipse.ui.window.openEditorDropDown"
"Navigate","Quick Hierarchy","⌘T","Editing Java Source","org.eclipse.jdt.ui.edit.text.java.open.hierarchy"
"Terminal view commands","Terminal view insert","⌥A","Terminal Typing Connected","org.eclipse.tm.terminal.command1"
"View","Zoom In","⌘=","In Windows","org.eclipse.gef.zoom_in"
"Window","Update Maven Project","⌥F5","In Windows","org.eclipse.m2e.core.ui.command.updateProject"
"Source","Quick Assist - Assign to local variable","⌘2 L","Editing Java Source","org.eclipse.jdt.ui.correction.assignToLocal.assist"
"Database Tools","Execute Selected Text","⌥X","Editing SQL","org.eclipse.datatools.sqltools.sqleditor.ExecuteSelectionAction"
"Window","Select Maven Profiles","⌃⌥P","In Windows","org.eclipse.m2e.profiles.ui.commands.selectMavenProfileCommand"
"Unavailable Category","Undefined Command","⌃P","In Windows","com.genuitec.eclipse.code.quickOpen"
"Terminal view commands","Terminal view insert","⌥Y","Terminal Typing Connected","org.eclipse.tm.terminal.command1"
"Text Editing","Select Previous Word","⌥⇧←","Editing Text","org.eclipse.ui.edit.text.select.wordPrevious"
"Source","Add Import","⇧⌘M","Editing Java Source","org.eclipse.jdt.ui.edit.text.java.add.import"
"File","Properties","⌘I","In Windows","org.eclipse.ui.file.properties"
"Edit","Select All","⌘A","In Dialogs and Windows","org.eclipse.ui.edit.selectAll"
"Navigate","Open Plug-in Artifact","⇧⌘A","In Windows","org.eclipse.pde.ui.openPluginArtifact"
"Source","Annotate Class File","⌘1","Browsing attached Java Source","org.eclipse.jdt.ui.edit.text.java.annotate.classFile"
"Edit","Copy","⌘C","In Dialogs and Windows","org.eclipse.ui.edit.copy"
"Edit","Move","⌥⇧V","Editing JSP Source","org.eclipse.jst.jsp.ui.refactor.move"
"Run/Debug","Run JUnit Plug-in Test","⌥⌘X P","In Windows","org.eclipse.pde.ui.junitWorkbenchShortcut.run"
"Text Editing","Zoom Out","⌘-","Editing Text","org.eclipse.ui.edit.text.zoomOut"
"Navigate","Open Resource","⇧⌘R","In Windows","org.eclipse.ui.navigate.openResource"
"Source","Quick Assist - Rename in file","⌘2 R","Editing JavaScript Source","org.eclipse.wst.jsdt.ui.correction.renameInFile.assist"
"Navigate","Next Sub-Tab","⌥⇟","In Dialogs and Windows","org.eclipse.ui.navigate.nextSubTab"
"Run/Debug","Debug Eclipse Application","⌃⌥⌘D E","In Windows","org.eclipse.pde.ui.runtimeWorkbenchShortcut.debug"
"Run/Debug","EOF","⌃D","In I/O Console","org.eclipse.debug.ui.commands.eof"
"JET Source Actions","Show Source Quick Menu","⌥⇧S","Editing JET Source","org.eclipse.codegen.ui.jet.source.quickmenu"
"Navigate","Open Type in Hierarchy","⇧⌘H","JavaScript View","org.eclipse.wst.jsdt.ui.navigate.open.type.in.hierarchy"
"Run/Debug","Run OSGi Framework","⌥⌘X O","In Windows","org.eclipse.pde.ui.EquinoxLaunchShortcut.run"
"Source","Remove Occurrence Annotations","⌥⌘U","Editing Java Source","org.eclipse.jdt.ui.edit.text.remove.occurrence.annotations"
"Edit","Select Next Element","⌃⇧↘","Editing Java Source","org.eclipse.jdt.ui.edit.text.java.select.next"
"Search","Declaration in Workspace","⌘G","In Windows","org.eclipse.jdt.ui.edit.text.java.search.declarations.in.workspace"
"TM4E Language Configuration","Remove Block Comment","⌃⌘\","Editing Text","org.eclipse.tm4e.languageconfiguration.removeBlockCommentCommand"
"Navigate","Open Declaration","F3","In Windows","org.eclipse.jdt.ui.edit.text.java.open.editor"
"Source","Remove Block Comment","⇧⌘\","Editing Java Source","org.eclipse.jdt.ui.edit.text.java.remove.block.comment"
"Run/Debug","Resume","F8","Debugging","org.eclipse.debug.ui.commands.Resume"
"Edit","Quick Diff Toggle","⌃⇧Q","Editing Text","org.eclipse.quickdiff.toggle"
"Navigate","Previous Tab","⌃⇞","In Dialogs and Windows","org.eclipse.ui.navigate.previousTab"
"Edit","Toggle Comment","⌘/","Editing SQL","org.eclipse.datatools.sqltools.sqleditor.toggleCommentAction"
"Terminal view commands","Terminal view insert","⌥D","Terminal Typing Connected","org.eclipse.tm.terminal.command1"
"Views","Show View","⌥⌘Q Q","In Windows","org.eclipse.ui.views.showView"
"Navigate","Go to Previous Member","⌃⌥↑","Editing JavaScript Source","org.eclipse.wst.jsdt.ui.edit.text.java.goto.previous.member"
"Navigate","Open Type Hierarchy","F4","JavaScript View","org.eclipse.wst.jsdt.ui.edit.text.java.open.type.hierarchy"
"Quick Search","Quick Search","⌥⇧⌘L","In Windows","org.eclipse.text.quicksearch.commands.quicksearchCommand"
"Search","References in Workspace","⇧⌘G","JavaScript View","org.eclipse.wst.jsdt.ui.edit.text.java.search.references.in.workspace"
"Edit","Redo","⌃Y","In Dialogs and Windows","org.eclipse.ui.edit.redo"
"Run/Debug","Toggle Breakpoint","⇧⌘B","In Windows","org.eclipse.debug.ui.commands.ToggleBreakpoint"
"Navigate","Go to Previous Member","⌃⌥↑","Editing Java Source","org.eclipse.jdt.ui.edit.text.java.goto.previous.member"
"Source","Quick Assist - Assign to local variable","⌘2 L","Editing JavaScript Source","org.eclipse.wst.jsdt.ui.correction.assignToLocal.assist"
"Window","Toggle Split Editor (Vertical)","⇧⌘[","In Windows","org.eclipse.ui.window.splitEditor"
"Unavailable Category","Undefined Command","⌃⇧P","In Windows","com.genuitec.eclipse.code.runCommands"
"Navigate","Go to Next Member","⌃⌥↓","Editing Java Source","org.eclipse.jdt.ui.edit.text.java.goto.next.member"
"Source","Toggle Ant Mark Occurrences","⌥⌘O","Editing Ant Buildfiles","org.eclipse.ant.ui.toggleMarkOccurrences"
"Views","Show View (Cheat Sheets)","⌥⌘Q H","In Windows","org.eclipse.ui.views.showView"
"View","Zoom Out","⌘-","In Windows","org.eclipse.gef.zoom_out"
"TM4E Language Configuration","Add Block Comment","⌃⌘/","Editing Text","org.eclipse.tm4e.languageconfiguration.addBlockCommentCommand"
"Navigate","Collapse All","⇧⌘Numpad_Divide","In Windows","org.eclipse.ui.navigate.collapseAll"
"Views","Show View (History)","⌥⌘Q Z","In Windows","org.eclipse.ui.views.showView"
"File","Register As Service","⇧⌘F10","In Windows","org.jboss.tools.common.ui.RegisterAsService"
"Edit","Add Block Comment","⌘/","Editing in Structured Text Editors","org.eclipse.wst.sse.ui.add.block.comment"
"Text Editing","Delete Previous Word","⌥⌫","Editing Text","org.eclipse.ui.edit.text.deletePreviousWord"
"Source","Open Declaration","F3","Editing Ant Buildfiles","org.eclipse.ant.ui.open.declaration.command"
"Edit","Toggle Comment","⇧⌘C","Editing in Structured Text Editors","org.eclipse.wst.sse.ui.toggle.comment"
"Uncategorized","Find References","⇧⌘G","in Generic Code Editor","org.eclipse.ui.genericeditor.findReferences"
"Edit","Word Completion","⌃.","Editing Text","org.eclipse.ui.edit.text.hippieCompletion"
"Text Editing","Line Start","⌘←","Editing Text","org.eclipse.ui.edit.text.goto.lineStart"
"Terminal view commands","Terminal view insert","⌥R","Terminal Typing Connected","org.eclipse.tm.terminal.command1"
"Edit","Previous Sibling","⇧⌘↑","Editing in Structured Text Editors","org.eclipse.wst.xml.ui.previousSibling"
"Run/Debug","Run Java Application","⌥⌘X J","In Windows","org.eclipse.jdt.debug.ui.localJavaShortcut.run"
"Edit","Previous Sibling","⌃⇧↑","Editing in Structured Text Editors","org.eclipse.wst.xml.ui.previousSibling"
"Edit","Select Enclosing Element","⌃⇧⇞","Editing Java Source","org.eclipse.jdt.ui.edit.text.java.select.enclosing"
"Server","Run","⌥⌘R","In Servers View","org.eclipse.wst.server.run"
"Run/Debug","Close Rendering","⌘W","In Memory View","org.eclipse.debug.ui.commands.closeRendering"
"Run/Debug","Force Return","⌥⌘F","In Windows","org.eclipse.jdt.debug.ui.commands.ForceReturn"
"TM4E Language Configuration","Remove Block Comment","⇧⌘\","Editing Text","org.eclipse.tm4e.languageconfiguration.removeBlockCommentCommand"
"Terminal view commands","Terminal view insert","⌥B","Terminal Typing Connected","org.eclipse.tm.terminal.command1"
"Terminal view commands","Terminal view insert","⌥F","Terminal Typing Connected","org.eclipse.tm.terminal.command1"
"Search","Show Occurrences in File Quick Menu","⇧⌘U","In Windows","org.eclipse.jdt.ui.edit.text.java.search.occurrences.in.file.quickMenu"
"Source","Add Text Block","⇧⌘'","Editing Java Source","org.eclipse.jdt.ui.edit.text.java.add.textblock"
"Text Editing","Previous Word","⌥←","Editing Text","org.eclipse.ui.edit.text.goto.wordPrevious"
"Spring Generic Text Editor","Toggle Comment","⇧⌘C","Editing Text","org.springframework.tooling.boot.ls.ToggleComment"
"File","Close","⌘W","In Windows","org.eclipse.ui.file.close"
"Navigate","Open Declaration","F3","JavaScript View","org.eclipse.wst.jsdt.ui.edit.text.java.open.editor"
"Run/Debug","Skip All Breakpoints","⌃⌥B","In Windows","org.eclipse.debug.ui.commands.SkipAllBreakpoints"
"Text Editing","Duplicate Lines","⌥⌘↑","Editing Text","org.eclipse.ui.edit.text.copyLineUp"
"Edit","Next Sibling","⇧⌘↓","Editing in Structured Text Editors","org.eclipse.wst.xml.ui.nextSibling"
"Run/Debug","Debug Java Application","⌃⌥⌘D J","In Windows","org.eclipse.jdt.debug.ui.localJavaShortcut.debug"
"Spy","Plug-in Selection Spy","⌥⇧F1","In Dialogs and Windows","org.eclipse.pde.runtime.spy.commands.spyCommand"
"Text Editing","Copy Lines","⌥⌘↓","Editing Text","org.eclipse.ui.edit.text.copyLineDown"
"Source","Show Source Quick Menu","⌥⌘S","In Windows","org.eclipse.jdt.ui.edit.text.java.source.quickMenu"
"Window","Show System Menu","⇧⌘F10","In Windows","org.eclipse.ui.window.showSystemMenu"
"Window","Show Key Assist","⇧⌘L","In Dialogs and Windows","org.eclipse.ui.window.showKeyAssist"
"Edit","Next Sibling","⌃⇧↓","Editing in Structured Text Editors","org.eclipse.wst.xml.ui.nextSibling"
"Source","Quick Assist - Rename in file","⌘2 R","Editing Java Source","org.eclipse.jdt.ui.correction.renameInFile.assist"
"Navigate","Open Maven POM","⌥⇧P","In Windows","org.eclipse.m2e.core.ui.command.openPom"
"Edit","Toggle Insert Mode","⇧⌘Insert","Editing Text","org.eclipse.ui.edit.text.toggleInsertMode"
"Server","Publish","⌥⌘P","In Servers View","org.eclipse.wst.server.publish"
"Terminal view commands","Terminal view insert","⌥N","Terminal Typing Connected","org.eclipse.tm.terminal.command1"
"Edit","Toggle Block Selection","⌥⌘A","Editing Text","org.eclipse.ui.edit.text.toggleBlockSelectionMode"
"Refactor - Java","Extract Local Variable","⌥⌘L","In Windows","org.eclipse.jdt.ui.edit.text.java.extract.local.variable"
"Views","Show View (Breakpoints)","⌥⌘Q B","In Windows","org.eclipse.ui.views.showView"
"Navigate","Open External JSDoc","⇧F2","JavaScript View","org.eclipse.wst.jsdt.ui.edit.text.java.open.external.javadoc"
"Navigate","Open Type","⇧⌘T","In Windows","org.eclipse.jdt.ui.navigate.open.type"
"Web Page Editor Layout","Horizontal Layout","⇧⌘F10","Using Web Page Editor","org.eclipse.jst.pagedesigner.horizotal"
"Source","Rename In File","⌥⌘R","Editing Ant Buildfiles","org.eclipse.ant.ui.renameInFile"
"Database Tools","Debug","⌥⌘D","Editing SQL","org.eclipse.datatools.sqltools.sqleditor.debugAction"
"Navigate","Previous Page","⌥⇧F7","In Windows","org.eclipse.ui.part.previousPage"
"Refactor - Java","Extract Local Variable","⌥⇧L","Editing JET Source","org.eclipse.jdt.ui.edit.text.java.extract.local.variable"
"Text Editing","Line End","⌘→","Editing Text","org.eclipse.ui.edit.text.goto.lineEnd"
"Terminal view commands","Terminal view insert","⌥C","Terminal Typing Connected","org.eclipse.tm.terminal.command1"
"Edit","Content Assist","⌘Space","In Dialogs and Windows","org.eclipse.ui.edit.text.contentAssist.proposals"
"Run/Debug","Toggle Memory Monitors Pane","⌘T","In Memory View","org.eclipse.debug.ui.commands.toggleMemoryMonitorsPane"
"Views","Show View (Outline)","⌥⌘Q O","In Windows","org.eclipse.ui.views.showView"
"Source","Remove Occurrence Annotations","⌥⌘U","Editing JavaScript Source","org.eclipse.wst.jsdt.ui.edit.text.remove.occurrence.annotations"
"Source","Toggle Mark Occurrences","⌥⌘O","Editing Java Source","org.eclipse.jdt.ui.edit.text.java.toggleMarkOccurrences"
"Edit","Open Selection","F3","Editing in Structured Text Editors","org.eclipse.wst.sse.ui.open.file.from.source"
"Refactor - Java","Extract Method","⌥⌘M","In Windows","org.eclipse.jdt.ui.edit.text.java.extract.method"
"Navigate","Open Manifest","⌥⇧⌘M","In Windows","org.eclipse.pde.ui.openManifest"
"Window","Show Context Menu","⇧F10","In Dialogs and Windows","org.eclipse.ui.window.showContextMenu"
"Run/Debug","Debug","⌘F11","In Windows","org.eclipse.debug.ui.commands.DebugLast"
"File","Close All","⇧⌘W","In Windows","org.eclipse.ui.file.closeAll"
"Window","Next Editor","⌘F6","In Windows","org.eclipse.ui.window.nextEditor"
"Edit","Redo","⌘Y","In Dialogs and Windows","org.eclipse.ui.edit.redo"
"File","New","⌘N","In Windows","org.eclipse.ui.newWizard"
"Navigate","Next Page","⌘F5","Using Web Page Editor","org.eclipse.ui.part.nextPage"
"Navigate","Previous Edit Location","⌃Q","In Windows","org.eclipse.ui.edit.text.gotoLastEditPosition"
"Window","Show View Menu","⌘F10","In Dialogs and Windows","org.eclipse.ui.window.showViewMenu"
"JET Source Actions","Format","⇧⌘F","Editing JET Source","org.eclipse.codegen.ui.jet.format"
"Navigate","Open Type Hierarchy","F4","In Windows","org.eclipse.jdt.ui.edit.text.java.open.type.hierarchy"
"TM4E Language Configuration","Toggle Line Comment","⇧⌘C","Editing Text","org.eclipse.tm4e.languageconfiguration.toggleLineCommentCommand"
"Text Editing","Reset Structure","⇧⌘Numpad_Multiply","Editing Text","org.eclipse.ui.edit.text.folding.restore"
"Source","Toggle Comment","⌘/","Editing JavaScript Source","org.eclipse.wst.jsdt.ui.edit.text.java.toggle.comment"
"Run/Debug","Debug on Server","⌥⇧D R","In Windows","org.eclipse.wst.server.launchShortcut.debug"
"Server","Debug","⌥⌘D","In Servers View","org.eclipse.wst.server.debug"
"Views","Show View (Variables)","⌥⌘Q V","In Windows","org.eclipse.ui.views.showView"
"Text Editing","Scroll Line Up","⌘↑","Editing Text","org.eclipse.ui.edit.text.scroll.lineUp"
"Edit","Find Previous","⇧⌘K","In Windows","org.eclipse.ui.edit.findPrevious"
"Edit","Format","⇧⌘F","Editing in Structured Text Editors","org.eclipse.wst.sse.ui.format.document"
"Refactor - Java","Change Method Signature","⌥⌘C","In Windows","org.eclipse.jdt.ui.edit.text.java.modify.method.parameters"
"Search","Show Occurrences in File Quick Menu","⇧⌘U","JavaScript View","org.eclipse.wst.jsdt.ui.edit.text.java.search.occurrences.in.file.quickMenu"
"Terminal view commands","Terminal view insert","⌥S","Terminal Typing Connected","org.eclipse.tm.terminal.command1"
"Text Editing","Delete Next Word","⌥⌦","Editing Text","org.eclipse.ui.edit.text.deleteNextWord"
"Navigate","Next Edit Location","⌃⌥→","In Windows","org.eclipse.ui.edit.text.gotoNextEditPosition"
"File","Refresh","F5","In Windows","org.eclipse.ui.file.refresh"
"Terminal view commands","Paste","⌘V","Terminal Control in Focus","org.eclipse.tm.terminal.paste"
"Text Editing","Open Hyperlink","F3","in Generic Code Editor","org.eclipse.ui.edit.text.open.hyperlink"
"Window","Previous Perspective","⇧⌘F8","In Windows","org.eclipse.ui.window.previousPerspective"
"Run/Debug","Next Page of Memory","⇧⌘.","In Table Memory Rendering","org.eclipse.debug.ui.command.nextpage"
"Run/Debug","Step Into Selection","⌥F5","Debugging","org.eclipse.jdt.debug.ui.commands.StepIntoSelection"
"Navigate","Open Call Hierarchy","⌃⌥H","In Windows","org.eclipse.jdt.ui.edit.text.java.open.call.hierarchy"
"Database Tools","Execute Selected Text As One Statement","⌥C","Editing SQL","org.eclipse.datatools.sqltools.sqleditor.ExecuteAsOneStatementAction"
"Text Editing","Select Line Start","⇧↖","Editing Text","org.eclipse.ui.edit.text.select.lineStart"
"Manifest Editor Source","Format Source","⇧⌘F","PDE editor","org.eclipse.pde.ui.edit.text.format"
"Source","Toggle Comment","⇧⌘C","Editing Java Source","org.eclipse.jdt.ui.edit.text.java.toggle.comment"
"Views","Refresh View (Gradle Tasks)","F5","In Gradle Tasks View","org.eclipse.buildship.ui.commands.refreshtaskview"
"Text Editing","Toggle Overwrite","Insert","Editing Text","org.eclipse.ui.edit.text.toggleOverwrite"
"Source","Format","⇧⌘F","Editing Ant Buildfiles","org.eclipse.jdt.ui.edit.text.java.format"
"Window","Previous Editor","⇧⌘F6","In Windows","org.eclipse.ui.window.previousEditor"
"Text Editing","Select Line Start","⇧⌘←","Editing Text","org.eclipse.ui.edit.text.select.lineStart"
"Terminal view commands","Paste","⇧⌘V","Terminal Control in Focus","org.eclipse.tm.terminal.paste"
"JET Refactor Actions","Show Refactor Quick Menu","⌥⇧T","Editing JET Source","org.eclipse.codegen.ui.jet.refactor.quickmenu"
"Text Editing","Select Line End","⇧↘","Editing Text","org.eclipse.ui.edit.text.select.lineEnd"
"Run/Debug","Step Over","F6","Debugging","org.eclipse.debug.ui.commands.StepOver"
"Window","Toggle Full Screen","⌃⌘F","In Dialogs and Windows","org.eclipse.ui.window.fullscreenmode"
"Run/Debug","Java Breakpoint Properties","⌥↩","In Breakpoints View","org.eclipse.jdt.debug.ui.breakpoint.properties"
"Window","Show Ruler Context Menu","⌘F10","Editing Text","org.eclipse.ui.edit.text.showRulerContextMenu"
"Text Editing","Select Text Start","⇧⌘↖","Editing Text","org.eclipse.ui.edit.text.select.textStart"
"Edit","Remove Block Comment","⌘\","Editing in Structured Text Editors","org.eclipse.wst.sse.ui.remove.block.comment"
"Text Editing","Move Lines Up","⌥↑","Editing Text","org.eclipse.ui.edit.text.moveLineUp"
"Terminal Commands","Open Local Terminal on Selection","⌃⌥T","In Windows","org.eclipse.tm.terminal.connector.local.command.launch"
"Database Tools","Execute All","⌥⌘X","Editing SQL","org.eclipse.datatools.sqltools.sqleditor.ExecuteSQLAction"
"Uncategorized","Add Artifact to Target Platform","⌥⇧⌘A","In Windows","org.eclipse.pde.ui.searchTargetRepositories"
"Git","Rename Branch...","F2","In Git Repositories View","org.eclipse.egit.ui.team.RenameBranch"
"Text Editing","Insert Line Below Current Line","⇧↩","Editing Text","org.eclipse.ui.edit.text.smartEnter"
"Source","Toggle Comment","⌘/","Editing Properties Files","org.eclipse.jdt.ui.edit.text.java.toggle.comment"
"Edit","Select Previous Element","⌥⇧←","Editing JET Source","org.eclipse.jdt.ui.edit.text.java.select.previous"
"Run/Debug","Run JUnit Test","⌥⌘X T","In Windows","org.eclipse.jdt.junit.junitShortcut.run"
"Terminal view commands","Terminal view insert","⌥V","Terminal Typing Connected","org.eclipse.tm.terminal.command1"
"Git","Copy Path to Clipboard","⌘C","In Git Repositories View","org.eclipse.egit.ui.RepositoriesViewCopyPath"
"Text Editing","Text Start","⌘↖","Editing Text","org.eclipse.ui.edit.text.goto.textStart"
"Edit","Restore Last Selection","⌃⇧⇟","Editing Java Source","org.eclipse.jdt.ui.edit.text.java.select.last"
"Source","Quick Assist - Assign to var","⌘2 F","Editing JavaScript Source","org.eclipse.wst.jsdt.ui.correction.assignToField.assist"
"Web Page Editor Layout","Graphical Designer","⇧⌘F11","Using Web Page Editor","org.eclipse.jst.pagedesigner.design"
"Views","Show View (Error Log)","⌥⌘Q L","In Windows","org.eclipse.ui.views.showView"
"Navigate","Previous Edit Location","⌃⌥←","In Windows","org.eclipse.ui.edit.text.gotoLastEditPosition"
"Run/Debug","Coverage Scala Application","⌥⇧E L","In Windows","org.eclipse.eclemma.ui.scalaShortcut.coverage"
"Terminal view commands","Paste","⇧Insert","Terminal Control in Focus","org.eclipse.tm.terminal.paste"
"Terminal view commands","Terminal view insert","⌥L","Terminal Typing Connected","org.eclipse.tm.terminal.command1"
"Edit","Add Im&port","⇧⌘M","Editing JSP Source","org.eclipse.jst.jsp.ui.add.imports"
"Terminal view commands","Quick Access","⌥→","Terminal Control in Focus","org.eclipse.tm.terminal.quickaccess"
"Run/Debug","Run on Server","⌥⇧X R","In Windows","org.eclipse.wst.server.launchShortcut.run"
"Run/Debug","Run Eclipse Application","⌥⌘X E","In Windows","org.eclipse.pde.ui.runtimeWorkbenchShortcut.run"
"Run/Debug","Run Ant Build","⌥⌘X Q","In Windows","org.eclipse.ant.ui.antShortcut.run"
"Uncategorized","Show Markup Cheat Sheet","F1","WikiText Markup Source Context","org.eclipse.mylyn.wikitext.ui.editor.showCheatSheetCommand"
"Source","Toggle Comment","⌘7","Editing Java Source","org.eclipse.jdt.ui.edit.text.java.toggle.comment"
"SQL Results View","Terminate Result","⌘Break","In Windows","org.eclipse.datatools.sqltools.result.terminate"
"Text Editing","Select Next Word","⌥⇧→","Editing Text","org.eclipse.ui.edit.text.select.wordNext"
"Language Servers","Go to Symbol in File","⌘O","Editing Text","org.eclipse.lsp4e.symbolinfile"
"Uncategorized","Copy Commit Id","⌘C","In Git Reflog View","org.eclipse.egit.ui.internal.reflog.CopyCommand"
"Text Editing","Delete to End of Line","⇧⌘⌦","Editing Text","org.eclipse.ui.edit.text.delete.line.to.end"
"Views","Show View","⌥⌘Q D","In Windows","org.eclipse.ui.views.showView"
"Navigate","Next Page","⌘F5","In Faces Config Editor","org.eclipse.ui.part.nextPage"
"Run/Debug","Coverage JUnit Plug-in Test","⌥⇧E P","In Windows","org.eclipse.eclemma.ui.junitPluginShortcut.coverage"
"Text Editing","Expand","⌘Numpad_Add","Editing Text","org.eclipse.ui.edit.text.folding.expand"
"File","Rename","F2","In Windows","org.eclipse.ui.edit.rename"
"Edit","Select Previous Element","⌃⇧↖","Editing Java Source","org.eclipse.jdt.ui.edit.text.java.select.previous"
"Navigate","Forward History","⌘]","In Windows","org.eclipse.ui.navigate.forwardHistory"
"Source","Quick Assist - Assign to field","⌘2 F","Editing Java Source","org.eclipse.jdt.ui.correction.assignToField.assist"
"Run/Debug","Display","⇧⌘D","In Dialogs and Windows","org.eclipse.jdt.debug.ui.commands.Display"
"Navigate","Quick Outline","⌘O","Editing Java Source","org.eclipse.jdt.ui.edit.text.java.show.outline"
"Database Tools","Goto Matching Token","⇧⌘P","Editing SQL","org.eclipse.datatools.sqltools.sqleditor.GotoMatchingTokenAction"
"Navigate","Open Attached Javadoc","⇧F2","In Windows","org.eclipse.jdt.ui.edit.text.java.open.external.javadoc"
"Run/Debug","Coverage TestNG Suite","⌥⇧E G","In Windows","org.eclipse.eclemma.ui.testNgSuiteShortcut.coverage"
"Source","Format","⇧⌘F","Editing JavaScript Source","org.eclipse.wst.jsdt.ui.edit.text.java.format"
"Run/Debug","Debug JUnit Plug-in Test","⌃⌥⌘D P","In Windows","org.eclipse.pde.ui.junitWorkbenchShortcut.debug"
"Text Editing","Collapse","⌘Numpad_Subtract","Editing Text","org.eclipse.ui.edit.text.folding.collapse"
"Language Servers","Format","⇧⌘F","Editing Text","org.eclipse.lsp4e.format"
"Run/Debug","Debug Spring Boot App","⌥⇧D B","In Windows","org.springsource.ide.eclipse.boot.BootLaunchShortcut.debug"
"Navigate","Open Structure","⌘F3","Editing Java Source","org.eclipse.jdt.ui.navigate.java.open.structure"
"Source","Remove Block Comment","⌃⌘\","Editing Java Source","org.eclipse.jdt.ui.edit.text.java.remove.block.comment"
"Source","Surround With Quick Menu","⌥⌘Z","JavaScript View","org.eclipse.wst.jsdt.ui.edit.text.java.surround.with.quickMenu"
"Navigate","Go to Line","⌘L","Editing Text","org.eclipse.ui.edit.text.goto.line"
"Git","Commit...","⌥⌘3","In Windows","org.eclipse.egit.ui.team.Commit"
"File","Save All","⇧⌘S","In Windows","org.eclipse.ui.file.saveAll"
"Edit","Matching Tag","⇧⌘>","Editing in Structured Text Editors","org.eclipse.wst.xml.ui.gotoMatchingTag"
"Navigate","Open Type","⇧⌘T","Editing JavaScript Source","org.eclipse.wst.jsdt.ui.navigate.open.type"
"File","Properties","⌥↩","In Windows","org.eclipse.ui.file.properties"
"Source","Toggle Comment","⇧⌘C","Editing JavaScript Source","org.eclipse.wst.jsdt.ui.edit.text.java.toggle.comment"
"Navigate","Go to Matching Bracket","⇧⌘P","Editing Java Source","org.eclipse.jdt.ui.edit.text.java.goto.matching.bracket"
"Views","Show View (Javadoc)","⌥⌘Q J","In Windows","org.eclipse.ui.views.showView"
"Run/Debug","Coverage RAP JUnit Test","⌥⇧E R","In Windows","org.eclipse.eclemma.ui.junitRAPShortcut.coverage"
"Run/Debug","Trigger Restart","⌘R","In I/O Console","org.springframework.ide.eclipse.boot.restart.commands.restart"
"EMF Code Generation","Generate Code","⌥⇧G","In Windows","org.eclipse.emf.codegen.ecore.ui.Generate"
"Edit","Select Previous Element","⌃⇧←","Editing in Structured Text Editors","org.eclipse.wst.sse.ui.structure.select.previous"
"Source","Open External Documentation","⇧F2","Editing Ant Buildfiles","org.eclipse.ant.ui.openExternalDoc"
